Chr,SNP,bp,A1,A2,Freq,Haploview order
11,BTB-01060598,32301594,C,A,0.450397,680
22,ARS-BFGL-NGS-23411,5134078,A,C,0.186508,88
22,ARS-BFGL-NGS-26419,46052082,A,C,0.0813492,762
26,BTB-00926636,17857480,C,A,0.0257937,296
26,BTA-62125-no-rs,17899619,C,A,0.0257937,297
28,BTA-99379-no-rs,41666186,A,C,0.0496032,701
