"","QTL","N_QTLs","N_QTLs_db","Total_annotated_QTLs","Total_QTLs_db","pvalue","adj.pval"
"1","Exterior",46,9077,148,163224,0.000000000000000000000282141922364574,0.00000000000000000000169285153418744
"2","Health",4,5889,148,163224,0.784813564700147,0.999999999955451
"3","Meat and Carcass",11,18258,148,163224,0.949864712609676,0.999999999955451
"4","Milk",31,75352,148,163224,0.999999999955451,0.999999999955451
"5","Production",25,19640,148,163224,0.0502519702544473,0.150755910763342
"6","Reproduction",31,35008,148,163224,0.591279833533792,0.999999999955451
