"","QTL","N_QTLs","N_QTLs_db","Total_annotated_QTLs","Total_QTLs_db","pvalue","adj.pval"
"1","Exterior",304,9077,4461,163224,0.000181393737877945,0.00036278747575589
"2","Health",265,5889,4461,163224,0.0000000000000040431753745659,0.0000000000000121295261236977
"3","Meat and Carcass",503,18258,4461,163224,0.430836963508115,0.646255445262172
"4","Milk",1996,75352,4461,163224,0.974251964572684,1
"5","Production",814,19640,4461,163224,0.000000000000000000000000000000000276659294443219,0.00000000000000000000000000000000165995576665931
"6","Reproduction",579,35008,4461,163224,1,1
