"","CHR","BP","Var","SNP_ID"
"36",3,111730561,0.9480214011,"BTB-01641394"
"37",3,111751663,1.0607738886,"ARS-BFGL-NGS-37809"
"38",3,111772736,1.2101267375,"ARS-BFGL-NGS-25298"
