"Multiple_R_Squared","Adjusted_R_Squared","F_Statistic","P_Value"
5.20348467008825e-05,-0.00382373246009493,0.0134256890524994,0.907846280737033
