,Chr,rsID,SNP,bp,A1,A2,Freq,b,se,p,logP
1,22,rs110031217,ARS-BFGL-NGS-23411,5134078,A,C,0.187251,196.185,43.9934,8.2177E-06,5.085249717
2,22,rs110991998,ARS-BFGL-NGS-26419,46052082,A,C,0.0816733,295.245,66.9504,1.03418E-05,4.985403865
3,26,rs42089058,BTB-00926636,17857480,C,A,0.0258964,491.154,112.484,1.26289E-05,4.898634476
4,26,rs41644634,BTA-62125-no-rs,17899619,C,A,0.0258964,491.154,112.484,1.26289E-05,4.898634476
5,28,rs41567074,BTA-99379-no-rs,41666186,A,C,0.0498008,394.376,83.4532,2.29305E-06,5.639586475
