,Chr,rsID,SNP,bp,A1,A2,Freq,b,se,p,logP
1,3,rs43357861,BTB-00148619,105840426,A,C,0.321429,410.739,104.53,8.51655E-05,4.0697363
2,3,rs110081798,ARS-BFGL-NGS-118207,110866523,A,C,0.421429,402.73,103.634,0.000101876,3.991928115
3,22,rs110031217,ARS-BFGL-NGS-23411,5134078,A,C,0.214286,415.637,109.1,0.000139147,3.856526153
