"","Chr","SNP","bp","A1","A2","Freq","b","se","p","logP"
"1","3","BTB-00148619",105840426,"A","C",0.321429,410.739,104.53,0.0000851655,4.06973629952916
"2","3","ARS-BFGL-NGS-118207",110866523,"A","C",0.421429,402.73,103.634,0.000101876,3.99192811525957
"3","22","ARS-BFGL-NGS-23411",5134078,"A","C",0.214286,415.637,109.1,0.000139147,3.85652615258894
