"","Chr","SNP","bp","A1","A2","Freq","b","se","p","logP"
"1","22","ARS-BFGL-NGS-23411",5134078,"A","C",0.187251,196.185,43.9934,0.0000082177,5.08524971738453
"2","22","ARS-BFGL-NGS-26419",46052082,"A","C",0.0816733,295.245,66.9504,0.0000103418,4.98540386530077
"3","26","BTB-00926636",17857480,"C","A",0.0258964,491.154,112.484,0.0000126289,4.89863447563111
"4","26","BTA-62125-no-rs",17899619,"C","A",0.0258964,491.154,112.484,0.0000126289,4.89863447563111
"5","28","BTA-99379-no-rs",41666186,"A","C",0.0498008,394.376,83.4532,0.00000229305,5.63958647536716
